dataset,pred_len,lr,dropout,train_epochs,batch_size,mse,mae,mape,msmape,tag
electricity,96,0.001,0.0,10,16,0.14007581770420074,0.23739677667617798,2.148437976837158,35.54431200027466,electricity_M_in321_pl96_lr0p001_do0p0_ep10_bs16
electricity,192,0.001,0.0,10,16,0.15379352867603302,0.25049686431884766,2.3024847507476807,37.25841045379639,electricity_M_in321_pl192_lr0p001_do0p0_ep10_bs16
etth1,96,0.001,0.0,10,32,0.37657296657562256,0.3982338309288025,9.001044273376465,57.25751519203186,etth1_M_in7_pl96_lr0p001_do0p0_ep10_bs32
etth1,192,0.005,0.0,10,32,0.4040868580341339,0.41248735785484314,8.638894081115723,58.79321098327637,etth1_M_in7_pl192_lr0p005_do0p0_ep10_bs32
weather,96,0.0005,0.0,10,16,0.17357027530670166,0.2329484522342682,10.789841651916504,40.21988809108734,weather_M_in21_pl96_lr0p0005_do0p0_ep10_bs16
weather,192,0.001,0.0,10,16,0.21598738431930542,0.2738814651966095,10.783292770385742,46.86039388179779,weather_M_in21_pl192_lr0p001_do0p0_ep10_bs16
